{
    "ND": 0.11116046277955166,
    "RMSE": 0.19093116998824491,
    "test_loss": 3.680584716796875
}