{
    "ND": 0.08586771730543073,
    "RMSE": 0.15829256202972763,
    "test_loss": 3.9291888427734376
}