,total_ACT_female,total_ACT_male,total_NSW_female,total_NSW_male,total_NT_female,total_NT_male,total_QLD_female,total_QLD_male,total_SA_female,total_SA_male,total_TAS_female,total_TAS_male,total_VIC_female,total_VIC_male,total_WA_female,total_WA_male,total_TAS,total_ACT,total_NT,total_WA,total_SA,total_QLD,total_VIC,total_NSW,total
2000,16.424590275144723,15.588246435768113,201.37216765291657,250.11598478981176,14.810430244833842,22.390759032561242,118.20588770882225,156.59326927881526,23.529677248891414,37.40450116180085,14.605084029681247,14.780490209946668,130.98138599484918,173.41731766888267,50.8557795942489,69.53394626280198,29.3855742396279,32.01283671091282,37.201189277395095,120.38972585705082,60.93417841069224,274.7991569876377,304.3987036637316,451.48815244272834,1310.609517589776
2001,13.714354978978042,15.089348618678311,193.98430038613446,227.87508605768807,19.27539943894969,24.378334106980514,113.85778759102804,156.25323948939132,18.96715511679563,35.03476827299708,11.527203112048896,11.926050448064808,116.75221491781494,152.0630878085071,39.32086794341421,65.92587036265446,23.453253560113705,28.803703597656376,43.65373354593024,105.24673830606872,54.00192338979272,270.11102708041926,268.81530272632216,421.85938644382264,1215.9450686501252
2002,16.20554791897962,18.640736401112413,186.26703495448626,238.64040321524433,17.023530638498652,24.00261079768212,102.01602360587295,151.32857021983762,17.530653447419695,43.01257753812002,9.39033612533387,8.645202550822434,126.0038820177582,164.62180609495073,47.02084528461474,65.23426416681745,18.035538676156303,34.84628432009205,41.02614143618079,112.25510945143213,60.5432309855397,253.34459382571058,290.62568811270904,424.90743816973077,1235.5840249775508
2003,15.948011346930903,16.43532571108528,189.29053151984758,198.749687699602,21.024881554570992,26.12555233465438,103.11537641031356,156.24565631782517,18.95809902690072,24.36834960197139,18.438525850989027,17.8910678612893,121.99665959876704,162.65514462605822,45.762406497706486,66.88929393817436,36.32959371227834,32.38333705801617,47.15043388922537,112.65170043588074,43.32644862887213,259.3610327281386,284.6518042248252,388.04021921944945,1203.8945698966854
