,total_ACT_female,total_ACT_male,total_NSW_female,total_NSW_male,total_NT_female,total_NT_male,total_QLD_female,total_QLD_male,total_SA_female,total_SA_male,total_TAS_female,total_TAS_male,total_VIC_female,total_VIC_male,total_WA_female,total_WA_male,total_TAS,total_ACT,total_NT,total_WA,total_SA,total_QLD,total_VIC,total_NSW,total
2000,6.1674827901685445,6.784142104338128,48.09698888911584,54.75813470029658,9.755419006850195,10.69012986278628,25.88133954179976,24.54918841585031,17.03720301591391,16.81476679133604,10.118831769673768,10.617880658935213,36.68559874652263,40.5351157861073,17.848526020462277,17.08190387444087,16.02917177586547,11.277066935201988,15.167576681173573,21.698986781087886,22.189195563608337,29.496173140663313,52.065335882924295,64.5494132024211,95.58703699651176
2001,7.78524794811497,8.753766288304146,60.00440206084195,72.81072827139045,12.130573980136578,12.919102490026884,26.610889991637354,32.98016581040738,20.31390381002699,22.538214496133264,12.034325820568741,12.235992703549687,46.10311327038078,50.996570012497145,23.30458777972318,21.513567136545458,18.12811601945502,14.828762178597344,18.395953346085538,30.744633125185437,27.609067014033695,39.9993839909479,65.53156284307663,83.99923909088984,131.7018143874351
2002,9.377869668231808,10.5947462413438,69.86687270331919,79.69059879104886,12.730183527028247,14.507906371437253,32.421797824023386,40.69618411447319,23.75620254221533,26.347591710706617,12.94707071699619,13.418769107119294,51.030569098969536,64.95007798582549,24.91964100633816,23.181140793067687,21.487449749657888,18.061244434392236,20.749639951969286,33.855326154097796,30.978484478682642,46.83869925034381,79.35802274848344,102.83955124273302,151.86334352692552
2003,10.658733375431934,12.638825660122178,89.32050011148023,90.15176611548144,16.52848564146246,15.99898816458868,36.764905493129376,41.156155658173,26.07469076634101,29.10013674835234,13.83140653320678,14.346102495400823,66.1655309392604,72.40437075361241,31.00668793918085,29.907723208084363,24.129533959446988,21.494171585381554,26.773002408706954,40.97126451933383,38.73671149733036,52.72110554182229,90.9325035630813,118.11372976604731,196.58729415020372
