{
    "ND": 0.1184309156713182,
    "RMSE": 0.2430703745788236,
    "test_loss": 3.9231772867838544
}