{
    "ND": 0.0862842397410123,
    "RMSE": 0.17030291625914035,
    "test_loss": 3.750157674153646
}