,lam_0.00-lstm_dropout_0.00,lam_0.00-lstm_dropout_0.20,lam_0.00-lstm_dropout_0.40,lam_0.00-lstm_dropout_0.00,lam_0.00-lstm_dropout_0.20,lam_0.00-lstm_dropout_0.40,lam_0.00-lstm_dropout_0.00,lam_0.00-lstm_dropout_0.20,lam_0.00-lstm_dropout_0.40,lam_0.01-lstm_dropout_0.00,lam_0.01-lstm_dropout_0.20,lam_0.01-lstm_dropout_0.40,lam_0.01-lstm_dropout_0.00,lam_0.01-lstm_dropout_0.20,lam_0.01-lstm_dropout_0.40
1,978.0062655883789,991.4313242797848,1026.4690020263677,978.0062655883789,991.4313242797848,1026.4690020263677,978.0062655883789,991.4313242797848,1026.4690020263677,2612.577269616699,1889.6180213012694,2331.3975645751957,2612.577269616699,1889.6180213012694,2331.3975645751957
2,189.14744872747153,194.73099387351445,198.38874345196314,189.14744872747153,194.73099387351445,198.38874345196314,189.14744872747153,194.73099387351445,198.38874345196314,365.71451528241283,274.03310330213816,325.3981588415214,365.71451528241283,274.03310330213816,325.3981588415214
3,32.48580131746307,33.1957644873245,32.89254507735562,32.48580131746307,33.1957644873245,32.89254507735562,32.48580131746307,33.1957644873245,32.89254507735562,46.072041931132816,41.85966713092637,45.99084694183543,46.072041931132816,41.85966713092637,45.99084694183543
4,12.445830990017887,12.559134767399923,12.597189498185456,12.445830990017887,12.559134767399923,12.597189498185456,12.445830990017887,12.559134767399923,12.597189498185456,13.807342496574089,13.619857130452607,14.316353260989734,13.807342496574089,13.619857130452607,14.316353260989734
