{
    "ND": 0.09051203267075318,
    "RMSE": 0.17596991696788583,
    "test_loss": 3.4551655069986977
}