,total_ACT_female,total_ACT_male,total_NSW_female,total_NSW_male,total_NT_female,total_NT_male,total_QLD_female,total_QLD_male,total_SA_female,total_SA_male,total_TAS_female,total_TAS_male,total_VIC_female,total_VIC_male,total_WA_female,total_WA_male,total_TAS,total_ACT,total_NT,total_WA,total_SA,total_QLD,total_VIC,total_NSW,total
0,11.422062,12.652662,184.99199,245.12584,18.16962,19.801006,112.43124,148.9347,33.57663,51.340664,19.397554,17.143387,134.80746,151.73048,49.39977,65.580986,34.86815,25.007921,35.781746,113.062386,76.81145,289.83292,289.00397,408.94696,1253.4385
1,11.575995,12.505505,182.22055,248.94876,18.282751,20.040955,113.74232,149.51111,33.300568,50.978577,19.885946,17.360876,133.66124,149.46812,48.827118,67.974594,34.641457,24.967459,35.445755,112.88191,76.533676,289.1603,285.93314,416.2656,1254.3734
2,11.690034,12.434553,179.32982,250.30205,18.239527,20.32515,113.80546,149.24146,32.810722,50.306812,20.225449,17.378801,132.17073,148.5187,48.00217,69.85125,34.369236,24.885406,34.979008,111.914474,76.14553,285.48837,281.8586,422.18063,1247.3455
3,11.754077,12.339708,176.4119,249.60034,18.12279,20.586828,113.241135,148.45845,32.28177,49.57209,20.46925,17.25571,130.6173,147.6533,47.160442,71.19749,34.034138,24.690561,34.514656,110.648994,75.75593,280.7162,277.45468,427.12274,1235.1217
