,total_ACT_female,total_ACT_male,total_NSW_female,total_NSW_male,total_NT_female,total_NT_male,total_QLD_female,total_QLD_male,total_SA_female,total_SA_male,total_TAS_female,total_TAS_male,total_VIC_female,total_VIC_male,total_WA_female,total_WA_male,total_TAS,total_ACT,total_NT,total_WA,total_SA,total_QLD,total_VIC,total_NSW,total
0,4.291699,3.6368666,50.767403,68.12816,6.1216536,7.153863,41.520596,48.31191,9.563697,15.633652,6.286144,6.9870424,34.878147,46.654854,12.982756,24.344688,9.273096,8.039755,11.2714,34.44492,19.572683,78.4178,86.195366,131.63733,397.31265
1,4.189427,3.5589745,49.788174,65.831696,6.0276666,7.0054064,40.806202,47.360798,9.393082,15.448514,6.1485624,6.887629,33.867813,46.049732,12.730824,23.767082,9.081378,7.852991,10.977405,33.738525,19.146591,76.294716,83.6283,128.39618,389.3081
2,4.124322,3.50976,49.15208,64.21183,5.9784174,6.899779,40.428185,46.79655,9.320121,15.409442,6.0541954,6.811873,33.21922,45.701775,12.605847,23.36812,8.987738,7.7243133,10.826297,33.347763,18.892246,75.097946,81.9929,126.440445,384.19772
3,4.0829906,3.47903,48.8656,63.170853,5.9552293,6.8272047,40.23978,46.45519,9.286079,15.441194,5.9879723,6.7680306,32.837982,45.569702,12.5489645,23.107367,8.952748,7.6439,10.744068,33.155457,18.743355,74.41694,80.988,125.06023,381.20306
