{
    "ND": 0.08886251667126564,
    "RMSE": 0.17798118669610685,
    "test_loss": 3.752234090169271
}