{
    "ND": 0.08452409952581336,
    "RMSE": 0.156165072295113,
    "test_loss": 3.4626278686523437
}