,total_ACT_female,total_ACT_male,total_NSW_female,total_NSW_male,total_NT_female,total_NT_male,total_QLD_female,total_QLD_male,total_SA_female,total_SA_male,total_TAS_female,total_TAS_male,total_VIC_female,total_VIC_male,total_WA_female,total_WA_male,total_TAS,total_ACT,total_NT,total_WA,total_SA,total_QLD,total_VIC,total_NSW,total
2000,16.3399826266183,15.694190570425757,187.10474466381987,240.67009356258504,20.463090175253846,25.05590029324489,112.3754045912748,166.20407500468949,32.80181072002224,42.950482446538444,20.274348114829152,19.674228855304715,150.85908395406562,184.40520408674408,50.57996506509971,68.66677682174647,39.94857697013387,32.034173197044055,45.51899046849871,119.24674188684615,75.75229316656069,278.57947959596413,335.2642880408098,427.7748382264046,1354.119381552261
2001,13.736455554521868,14.829205244546255,189.63932294816289,228.4289567067513,17.989307018517042,22.63685361215334,107.43367289962855,163.39149442798472,31.763129502463997,46.870542333801765,14.71327131913953,15.114582462206153,155.3584923146245,177.74802135101544,48.71950142737696,69.58434985016905,29.827853781345695,28.56566079906814,40.62616063067038,118.303851277546,78.63367183626572,270.82516732761337,333.10651366564,418.06827965491414,1317.9571589730633
2002,14.329366172753105,15.955250476395689,174.8029213199291,213.24883444521373,16.369258067612666,22.448668820409967,105.03088362821914,160.52795994805882,31.87878730278757,49.95406221846496,13.730928368408781,14.791788801307373,158.76437614809288,167.261335215296,47.30450936069765,66.84273009454681,28.522717169716156,30.28461664914878,38.81792688802266,114.1472394552445,81.83284952125258,265.5588435762778,326.02571136338895,388.0517557651427,1273.2416603881938
2003,13.738077685738228,14.208260262155031,166.59118049606695,204.9190415520996,15.399453264189145,21.39128731065906,96.61718316737746,159.7281609938911,30.544625094127497,44.6091671375562,11.148057538126377,12.449716604046841,149.16285806691718,171.65445890375315,50.232768132665434,67.94375890100899,23.597774142173215,27.946337947893227,36.79074057484822,118.17652703367443,75.15379223168368,256.34534416126843,320.8173169706706,371.5102220481668,1230.3380551103778
