,total_ACT_female,total_ACT_male,total_NSW_female,total_NSW_male,total_NT_female,total_NT_male,total_QLD_female,total_QLD_male,total_SA_female,total_SA_male,total_TAS_female,total_TAS_male,total_VIC_female,total_VIC_male,total_WA_female,total_WA_male,total_TAS,total_ACT,total_NT,total_WA,total_SA,total_QLD,total_VIC,total_NSW,total
2000,6.35956402089712,6.890125512618839,43.67361892813342,50.555476172034425,10.121682744174468,11.330405068574551,28.404825294149415,26.040742973630532,19.65315235503384,19.91814157597289,11.721986407548535,11.370754839265409,38.41011349509428,42.3112712062156,19.50935021444211,17.97432348042953,16.468076448160783,10.952180112442123,15.574649631590571,23.184150544781062,24.59062730524181,33.56612457860799,51.98798543570046,57.82164410361159,99.09154286922791
2001,8.746203201313804,8.37564995882321,53.95808141486292,61.78886348119173,13.184461801974631,14.41694118469961,33.61271784896494,34.79342317741732,20.183945531169073,21.751413082356265,13.025780556472098,12.160075478045657,55.0816215104245,55.820287737729856,25.43029122246617,22.688843772818156,19.02293336020568,15.371378761508693,21.306406085021823,31.957144396731856,28.12116731084094,43.03855014485643,72.81450025525442,75.7294048559272,139.24875818131653
2002,10.59181176640596,10.382620997926633,68.9085076275434,80.15331373612241,15.676868846199216,16.22564839891753,32.39026967714325,42.32276949393864,23.80694550548492,28.58906333731963,13.113896522097754,13.601453273477686,70.35846927560831,67.0947690308237,27.206813753103688,26.144555759964227,22.181844789010302,19.005851770638333,24.05256444617104,36.81527627116864,35.92335967080191,48.15561984489576,95.03050449334377,95.62483110639694,175.89805980959918
2003,10.660121542706426,11.773324910561602,76.64459055979748,89.33850882656178,17.850732525610905,17.252788600489776,38.736343266403026,44.95966396499225,26.106949026938896,31.279197489108228,14.671492125648713,14.30787730843537,85.54367239807061,79.3560576227865,28.536876322245682,32.01888469648034,23.804638004681514,20.329089315851732,27.12462209995629,44.34553622305377,38.90521001111404,51.07802343343285,100.77809517572459,109.98727910341525,192.2530746485366
