{
    "ND": 0.08888339681554189,
    "RMSE": 0.1780773892592128,
    "test_loss": 3.7521214803059895
}