{
    "ND": 0.09051439888179333,
    "RMSE": 0.17597793789309907,
    "test_loss": 3.4551307169596353
}