{
    "ND": 0.2770969557283454,
    "RMSE": 0.538084192845871,
    "test_loss": 4.411404622395834,
    "rou90": 0.1266982575088448,
    "rou50": 0.27684403548515846
}