{
    "ND": 0.9845531682672362,
    "RMSE": 5.364244947795695,
    "test_loss": 5.144001346811387,
    "rou90": 0.8025128616861068,
    "rou50": 0.9839097430189757
}