{
    "ND": 0.9846832296021647,
    "RMSE": 5.366978712368746,
    "test_loss": 5.466244814858991,
    "rou90": 0.8023265257898078,
    "rou50": 0.9840340117544334
}