{
    "ND": 0.3085276500742405,
    "RMSE": 0.6023563300944852,
    "test_loss": 4.4409246826171875,
    "rou90": 0.14301147075979087,
    "rou50": 0.308253460878781
}