{
    "ND": 0.27631660909741934,
    "RMSE": 0.5351344562835088,
    "test_loss": 4.411404622395834,
    "rou90": 0.1262637818961142,
    "rou50": 0.2760659639584483
}