{
    "ND": 0.0784441176917442,
    "RMSE": 0.1404800438295359,
    "test_loss": 3.532698262532552
}