,total_ACT_female,total_ACT_male,total_NSW_female,total_NSW_male,total_NT_female,total_NT_male,total_QLD_female,total_QLD_male,total_SA_female,total_SA_male,total_TAS_female,total_TAS_male,total_VIC_female,total_VIC_male,total_WA_female,total_WA_male,total_TAS,total_ACT,total_NT,total_WA,total_SA,total_QLD,total_VIC,total_NSW,total
0,2.18489,2.0583096,20.869678,24.24388,4.562366,4.918629,11.401516,16.212536,3.7141953,5.2642746,2.273163,2.1769874,12.227934,16.920752,6.2157354,8.799533,4.53393,3.644818,7.3791056,13.394014,9.534534,26.539322,27.624273,45.886456,123.28119
1,2.1396158,2.064472,21.925396,26.267532,5.1174903,5.098543,11.85077,16.939913,3.7152,5.5793314,2.3495631,2.2059612,12.872174,17.475971,6.594715,9.130742,4.8192987,3.705343,7.185806,14.381222,9.976504,28.454708,27.95394,47.883083,127.05587
2,2.144173,2.098064,23.103947,28.277113,5.645723,5.3124533,12.365175,17.756058,3.8113248,5.954414,2.4710042,2.297471,13.726853,18.243063,7.0892725,9.57312,5.076567,3.809471,7.1188264,15.504244,10.658501,30.657906,29.079702,50.358932,133.31912
3,2.1690967,2.1341217,24.124538,29.91785,6.093075,5.504566,12.809337,18.438526,3.9443047,6.283603,2.597301,2.4170377,14.581669,18.989328,7.6132445,10.002961,5.271158,3.9138386,7.1169004,16.551945,11.456028,32.749813,30.570232,52.686016,140.21681
