{
    "ND": 0.09051690367786187,
    "RMSE": 0.17598676343184602,
    "test_loss": 3.455095418294271
}