{
    "ND": 0.0862952084893698,
    "RMSE": 0.1703627171193227,
    "test_loss": 3.750071818033854
}