{
    "ND": 0.08451403927930858,
    "RMSE": 0.15614660147030823,
    "test_loss": 3.462611083984375
}